Rank,Expression,Fitness,IC_Mean,ICIR,LS_Ret,Turnover
1,"TSMAX(TSRANK(SMA(LOWER_SHADOW, 20, 240), 2), 20)",1.0024157297888447,-0.10263070759884188,-1.0032157297888447,0.000589306518118619,0.0005232177894048396
2,"TSMAX(TSRANK(SMA(SQUARE(LOWER_SHADOW), 20, 240), 2), 20)",1.0023157297888448,-0.10263070759884188,-1.0032157297888447,0.000589306518118619,0.0005232177894048396
3,"TSMAX(TSRANK(LOWER_SHADOW, 2), 20)",0.9935286378144449,-0.10168834062394617,-0.9940286378144448,0.000589306518118619,0.0005232177894048396
4,"TSMAX(TSRANK(LOG(LOWER_SHADOW), 2), 20)",0.9934286378144448,-0.10168834062394617,-0.9940286378144448,0.000589306518118619,0.0005232177894048396
5,"TSMAX(TSRANK(TSRANK(LOWER_SHADOW, 10), 2), 20)",0.9933286378144448,-0.10168834062394617,-0.9940286378144448,0.000589306518118619,0.0005232177894048396
